<?xml version="1.0" encoding="UTF-8"?>

<suite name="Suite">
<parameter name="url" value="https://login.salesforce.com"/>
  <parameter name="uname" value="uma.job969584@agentforce.com"/>
  <parameter name="pword" value="Twinkle9E6"/>
  <test thread-count="5" verbose="5" name="Test">
    <classes>
    <class name="salesforceAutomation.CreateNewOpportunity"/>
     <class name="salesforceAutomation.EditOpprtunity"/>
     <class name="salesforceAutomation.DeleteOpportunity"/>
    </classes>
  </test> <!-- Test -->
</suite> <!-- Suite -->
